id,priority,cluster,title,primary_keyword,secondary_keywords,search_intent,target_space_types,doripe_angle,cta_strength,internal_links
B2B001,P0,신규 손님 유입,가게 앞 유동인구는 많은데 첫 방문이 적을 때 점검할 것,신규 손님 유입,첫 방문 늘리기|매장 유입 전략|로컬 마케팅,problem solving,식당|카페|샵,저장하고 싶은 첫인상과 공간 카드 정보의 연결,light,네이버 플레이스/지도|사진/콘텐츠 소재|리뷰/저장/방문 전환
B2B002,P0,신규 손님 유입,오픈 초기 손님이 끊길 때 로컬 공간이 먼저 해야 할 일,오픈 초기 마케팅,신규 매장 홍보|동네 고객 유입|가게 알리기,problem solving,식당|바|공방,발견 후 저장까지 이어지는 소개 정보 설계,light,네이버 플레이스/지도|인스타/숏폼 운영|리뷰/저장/방문 전환
B2B003,P0,신규 손님 유입,주말에는 붐비는데 평일 손님이 부족한 공간 운영법,평일 손님 늘리기,비수기 마케팅|요일별 매출|로컬 공간 운영,problem solving,카페|서점|스튜디오,평일 방문 이유를 저장 가치로 보여주는 관점,light,사진/콘텐츠 소재|재방문/단골/커뮤니티|공간 브랜딩/분위기
B2B004,P0,신규 손님 유입,동네 단골만 오고 새로운 손님이 안 늘 때 바꿀 메시지,새로운 손님 유입,동네 가게 마케팅|고객층 확장|매장 홍보 문구,problem solving,식당|카페|바,처음 보는 사람도 이해하는 공간 카드 메시지,light,공간 브랜딩/분위기|인스타/숏폼 운영|네이버 플레이스/지도
B2B005,P0,신규 손님 유입,검색은 되는데 방문이 안 생기는 로컬 공간의 공통 문제,검색 방문 전환,로컬 SEO|매장 방문 전환|공간 소개 개선,problem solving,샵|갤러리|전시공간,검색 정보와 저장할 이유 사이의 간격 점검,medium,네이버 플레이스/지도|리뷰/저장/방문 전환|사진/콘텐츠 소재
B2B006,P0,신규 손님 유입,가격 할인 없이 첫 방문을 만드는 공간 제안법,첫 방문 마케팅,할인 없는 마케팅|공간 차별화|방문 이유 만들기,problem solving,식당|바|스튜디오,할인보다 기억되는 방문 맥락을 정리하는 방식,light,공간 브랜딩/분위기|사진/콘텐츠 소재|리뷰/저장/방문 전환
B2B007,P0,신규 손님 유입,관광객보다 동네 손님을 먼저 잡아야 하는 공간의 기준,동네 손님 유입,로컬 고객|상권 마케팅|생활권 방문,informational,서점|공방|로컬 공간,저장된 공간이 생활 동선 안에서 다시 떠오르는 흐름,light,재방문/단골/커뮤니티|네이버 플레이스/지도|공간 브랜딩/분위기
B2B008,P0,신규 손님 유입,팝업이 끝난 뒤 손님을 남기려면 행사 전부터 준비할 것,팝업 손님 유입,팝업 마케팅|행사 방문객 전환|로컬 팝업 운영,problem solving,팝업|갤러리|샵,짧은 노출을 저장과 재방문 실마리로 바꾸는 관점,light,리뷰/저장/방문 전환|인스타/숏폼 운영|재방문/단골/커뮤니티
B2B009,P0,신규 손님 유입,골목 안쪽 매장이 위치 약점을 줄이는 온라인 정보 구성,골목 매장 홍보,위치 약점 극복|찾아오는 길 안내|지도 최적화,problem solving,식당|카페|공방,공간 카드에서 위치 불안을 줄이는 정보 우선순위,light,네이버 플레이스/지도|사진/콘텐츠 소재|리뷰/저장/방문 전환
B2B010,P0,신규 손님 유입,객단가는 좋은데 방문자 수가 적은 공간의 유입 진단법,매장 방문자 늘리기,객단가 높은 매장|고객 유입 분석|운영 개선,problem solving,바|스튜디오|전시공간,고가치 공간의 방문 장벽을 저장 정보로 낮추기,light,리뷰/저장/방문 전환|공간 브랜딩/분위기|Doripe 리포트/케이스
B2B011,P0,인스타/숏폼 운영,인스타에 올려도 반응이 없을 때 로컬 공간이 바꿀 소재,인스타 콘텐츠 소재,매장 인스타 운영|콘텐츠 반응 높이기|로컬 숏폼,problem solving,카페|샵|공방,저장하고 싶은 장면 중심으로 소재를 재정리,light,사진/콘텐츠 소재|공간 브랜딩/분위기|신규 손님 유입
B2B012,P0,인스타/숏폼 운영,팔로워는 있는데 방문으로 이어지지 않는 계정의 문제,인스타 방문 전환,매장 SNS 마케팅|팔로워 방문 전환|공간 홍보,problem solving,식당|바|서점,좋아요보다 저장과 방문 의도를 만드는 정보 흐름,medium,리뷰/저장/방문 전환|사진/콘텐츠 소재|신규 손님 유입
B2B014,P0,인스타/숏폼 운영,예쁜 사진만 올리는데 저장이 안 되는 이유,인스타 저장 늘리기,저장형 콘텐츠|공간 인스타|콘텐츠 기획,problem solving,갤러리|전시공간|샵,저장할 정보와 분위기 단서의 균형 잡기,light,사진/콘텐츠 소재|리뷰/저장/방문 전환|공간 브랜딩/분위기
B2B016,P0,네이버 플레이스/지도,네이버 플레이스 조회수는 있는데 예약과 방문이 적을 때,네이버 플레이스 전환,플레이스 최적화|매장 지도 검색|방문 전환,problem solving,식당|스튜디오|공방,지도 정보에서 저장 전 확인하는 요소를 정리,medium,리뷰/저장/방문 전환|사진/콘텐츠 소재|신규 손님 유입
B2B017,P0,네이버 플레이스/지도,지도에서 가게가 비슷해 보일 때 차별점을 보여주는 방법,네이버 지도 마케팅,플레이스 차별화|매장 소개|로컬 검색,problem solving,카페|바|샵,공간 카드식 핵심 차별점 정리로 비교 피로 줄이기,light,공간 브랜딩/분위기|사진/콘텐츠 소재|신규 손님 유입
B2B068,P0,리뷰/저장/방문 전환,저장은 많은데 방문이 적을 때 고객이 망설이는 지점,저장 방문 전환,매장 저장수|방문 결정|로컬 마케팅,problem solving,식당|카페|갤러리,저장 이후 확인 정보와 방문 장벽을 함께 진단,medium,네이버 플레이스/지도|사진/콘텐츠 소재|신규 손님 유입
B2B078,P0,공간 브랜딩/분위기,공간 분위기는 좋은데 설명이 어려울 때 쓰는 언어 정리법,공간 브랜딩 문구,매장 분위기 표현|브랜드 언어|로컬 브랜딩,how-to,카페|갤러리|서점,저장 카드에 담길 한두 문장으로 분위기를 압축,light,사진/콘텐츠 소재|인스타/숏폼 운영|신규 손님 유입
B2B088,P0,재방문/단골/커뮤니티,한 번 온 손님이 다시 올 이유를 만들지 못하는 공간의 문제,재방문 유도,단골 만들기|고객 유지|로컬 커뮤니티,problem solving,식당|카페|서점,저장 이후 다시 떠오르는 방문 계기를 콘텐츠화,light,리뷰/저장/방문 전환|인스타/숏폼 운영|공간 브랜딩/분위기
B2B096,P0,Doripe 리포트/케이스,저장되는 공간과 스쳐 지나가는 공간은 무엇이 다른가,Doripe 공간 저장 리포트,공간 저장|로컬 발견|방문 전환,informational,식당|카페|로컬 공간,Doripe 관찰 데이터를 바탕으로 저장 가치의 패턴을 설명,medium,리뷰/저장/방문 전환|신규 손님 유입|공간 브랜딩/분위기
B2B100,P0,Doripe 리포트/케이스,운영자가 직접 말하지 않아도 분위기가 전해지는 공간 사례,Doripe 공간 사례,공간 분위기|로컬 사례|공간 브랜딩,informational,서점|카페|공방,Doripe 공간 카드 사례로 분위기 전달 방식을 보여줌,medium,공간 브랜딩/분위기|사진/콘텐츠 소재|인스타/숏폼 운영
B2B021,P1,신규 손님 유입,비 오는 날 손님이 줄어드는 공간이 준비할 온라인 안내,우천시 매장 운영,날씨 마케팅|방문 장벽|매장 안내,how-to,식당|카페|바,날씨에도 저장한 공간을 선택하게 하는 정보 보강,light,네이버 플레이스/지도|리뷰/저장/방문 전환|재방문/단골/커뮤니티
B2B022,P1,신규 손님 유입,단체 손님을 받고 싶은 작은 공간의 사전 정보 정리법,단체 손님 유치,소규모 모임 공간|예약 문의|매장 운영,how-to,식당|바|스튜디오,모임 목적별 저장 포인트를 공간 카드에 반영,light,리뷰/저장/방문 전환|네이버 플레이스/지도|공간 브랜딩/분위기
B2B023,P1,신규 손님 유입,혼자 오는 손님을 늘리고 싶은 공간이 보여줘야 할 장면,혼밥 혼술 마케팅,1인 손님 유입|혼자 가기 좋은 곳|로컬 공간,informational,식당|바|서점,혼자 방문해도 괜찮다는 저장 단서를 제안,light,사진/콘텐츠 소재|공간 브랜딩/분위기|인스타/숏폼 운영
B2B024,P1,신규 손님 유입,외지인이 찾기 어려운 매장이 방문 전 불안을 줄이는 법,찾기 어려운 매장,방문 전 안내|길찾기 정보|지도 마케팅,problem solving,공방|갤러리|팝업,방문 전 확인 정보를 공간 카드 관점으로 정리,light,네이버 플레이스/지도|리뷰/저장/방문 전환|사진/콘텐츠 소재
B2B025,P1,신규 손님 유입,신메뉴를 냈는데 신규 손님이 늘지 않을 때 점검할 홍보 흐름,신메뉴 홍보,신상품 마케팅|매장 콘텐츠|신규 고객,problem solving,식당|카페|샵,신메뉴보다 방문 이유가 먼저 저장되게 구성,light,인스타/숏폼 운영|사진/콘텐츠 소재|리뷰/저장/방문 전환
B2B026,P1,신규 손님 유입,예약제를 시작했는데 문의가 적을 때 설명해야 할 것,예약제 매장 홍보,예약 문의 늘리기|공간 운영|방문 전환,problem solving,스튜디오|공방|전시공간,예약 전 망설임을 줄이는 공간 정보 설계,light,네이버 플레이스/지도|리뷰/저장/방문 전환|공간 브랜딩/분위기
B2B027,P1,신규 손님 유입,동네 행사에 참여해도 손님이 남지 않을 때 연결할 채널,동네 행사 마케팅,로컬 이벤트|방문객 전환|오프라인 홍보,problem solving,서점|샵|팝업,행사 발견을 저장 가능한 공간 정보로 이어주기,light,인스타/숏폼 운영|재방문/단골/커뮤니티|리뷰/저장/방문 전환
B2B028,P1,신규 손님 유입,매장 앞 입간판과 온라인 소개가 다를 때 생기는 손실,매장 소개 일관성,입간판 문구|온라인 홍보|브랜드 메시지,informational,식당|카페|공방,오프라인 발견과 온라인 저장 정보의 메시지 맞춤,light,공간 브랜딩/분위기|네이버 플레이스/지도|사진/콘텐츠 소재
B2B029,P1,신규 손님 유입,인근 경쟁 매장이 늘었을 때 신규 손님에게 보여줄 기준,상권 경쟁 마케팅,가게 차별화|신규 손님 확보|로컬 브랜딩,problem solving,식당|카페|바,비교 상황에서 저장될 만한 선택 기준 제안,light,공간 브랜딩/분위기|사진/콘텐츠 소재|Doripe 리포트/케이스
B2B030,P1,신규 손님 유입,방문 목적이 모호한 공간이 검색 키워드를 정리하는 법,매장 키워드 정리,공간 포지셔닝|검색어 전략|로컬 SEO,how-to,갤러리|전시공간|로컬 공간,저장할 때 떠올릴 상황별 키워드를 구조화,light,네이버 플레이스/지도|공간 브랜딩/분위기|사진/콘텐츠 소재
B2B031,P1,인스타/숏폼 운영,운영자가 얼굴을 드러내기 부담스러울 때 가능한 숏폼 소재,얼굴 없는 숏폼,매장 릴스 아이디어|공간 영상|SNS 운영,how-to,카페|공방|서점,사람보다 공간 경험이 저장되게 만드는 장면 구성,light,사진/콘텐츠 소재|공간 브랜딩/분위기|신규 손님 유입
B2B032,P1,인스타/숏폼 운영,릴스 조회수는 높은데 실제 손님이 늘지 않을 때,릴스 방문 전환,숏폼 마케팅|매장 유입|SNS 성과,problem solving,식당|바|팝업,조회수보다 저장과 방문 의도 지표를 함께 보기,light,리뷰/저장/방문 전환|신규 손님 유입|Doripe 리포트/케이스
B2B033,P1,인스타/숏폼 운영,매일 올리기 힘든 공간을 위한 주간 콘텐츠 루틴,매장 콘텐츠 루틴,인스타 운영 계획|SNS 일정|콘텐츠 캘린더,how-to,샵|스튜디오|갤러리,저장 가치가 반복 노출되게 주제를 묶는 방법,light,사진/콘텐츠 소재|공간 브랜딩/분위기|재방문/단골/커뮤니티
B2B034,P1,인스타/숏폼 운영,감성 계정처럼 보이지만 정보가 부족한 공간 계정의 보완법,공간 인스타 정보,감성 콘텐츠|방문 정보|SNS 개선,problem solving,카페|갤러리|전시공간,분위기와 방문 정보를 함께 저장하게 만드는 균형,light,사진/콘텐츠 소재|네이버 플레이스/지도|리뷰/저장/방문 전환
B2B035,P1,인스타/숏폼 운영,해시태그를 많이 써도 노출이 늘지 않을 때 바꿀 기준,로컬 해시태그,인스타 노출|지역 해시태그|매장 SNS,problem solving,식당|샵|공방,키워드보다 저장될 상황을 먼저 정의하는 접근,light,신규 손님 유입|사진/콘텐츠 소재|공간 브랜딩/분위기
B2B036,P1,인스타/숏폼 운영,스토리는 많이 올리는데 신규 손님에게 남는 정보가 없을 때,인스타 스토리 운영,매장 스토리|SNS 정보 전달|방문 유도,problem solving,카페|바|서점,하루짜리 노출을 저장 가능한 핵심 정보로 연결,light,리뷰/저장/방문 전환|사진/콘텐츠 소재|재방문/단골/커뮤니티
B2B037,P1,인스타/숏폼 운영,비주얼이 약한 업종이 인스타에서 보여줄 수 있는 강점,비주얼 약한 매장 SNS,로컬 콘텐츠|공간 강점|인스타 소재,informational,식당|공방|로컬 공간,사진 외에도 저장되는 운영 철학과 사용 맥락 제안,light,공간 브랜딩/분위기|사진/콘텐츠 소재|신규 손님 유입
B2B038,P1,인스타/숏폼 운영,행사 공지를 올려도 신청이 적은 공간의 게시물 구조,인스타 행사 홍보,이벤트 신청 유도|공간 프로그램|SNS 공지,how-to,서점|갤러리|스튜디오,참여 전 필요한 정보와 저장 이유를 한 게시물에 정리,light,리뷰/저장/방문 전환|사진/콘텐츠 소재|재방문/단골/커뮤니티
B2B039,P1,인스타/숏폼 운영,손님이 찍은 사진을 콘텐츠로 활용할 때 놓치기 쉬운 기준,UGC 활용,고객 사진 활용|매장 후기 콘텐츠|SNS 운영,how-to,식당|카페|샵,고객 시선의 저장 포인트를 공간 소개에 반영,light,리뷰/저장/방문 전환|사진/콘텐츠 소재|재방문/단골/커뮤니티
B2B040,P1,인스타/숏폼 운영,브랜드 톤을 지키려다 게시물이 딱딱해질 때 푸는 법,매장 SNS 톤앤매너,브랜드 콘텐츠|인스타 글쓰기|로컬 브랜딩,problem solving,바|서점|갤러리,공간 카드처럼 짧고 명확한 톤 기준 세우기,light,공간 브랜딩/분위기|사진/콘텐츠 소재|신규 손님 유입
B2B041,P1,재방문/단골/커뮤니티,예약 마감 공지만 반복하는 계정이 놓치는 재방문 정보,예약제 단골 관리,매장 계정 운영|예약제 공간|재방문 콘텐츠,problem solving,스튜디오|공방|팝업,마감 정보보다 다음 저장과 방문 계기를 남기는 관점,light,신규 손님 유입|리뷰/저장/방문 전환|인스타/숏폼 운영
B2B042,P1,네이버 플레이스/지도,상호명 검색만 되는 매장이 키워드 검색에 잡히는 방법,네이버 키워드 검색,플레이스 키워드|매장 검색 노출|로컬 SEO,how-to,식당|카페|샵,방문 상황별 저장 키워드를 플레이스 정보와 맞추기,light,신규 손님 유입|공간 브랜딩/분위기|사진/콘텐츠 소재
B2B043,P1,네이버 플레이스/지도,지도 리뷰 답글을 쓰기 어려운 운영자를 위한 기본 원칙,네이버 리뷰 답글,리뷰 관리|고객 응대|플레이스 운영,how-to,식당|바|공방,리뷰에서 다음 방문과 저장 이유를 자연스럽게 강화,light,리뷰/저장/방문 전환|재방문/단골/커뮤니티|공간 브랜딩/분위기
B2B044,P1,네이버 플레이스/지도,대표 메뉴가 여러 개인 매장이 플레이스에서 선택을 돕는 법,대표 메뉴 설정,플레이스 메뉴 관리|매장 정보|방문 결정,how-to,식당|카페|바,고객이 저장할 대표 경험을 먼저 보여주는 구성,light,사진/콘텐츠 소재|리뷰/저장/방문 전환|신규 손님 유입
B2B045,P1,네이버 플레이스/지도,카테고리가 애매한 공간이 지도에서 오해를 줄이는 방법,플레이스 카테고리,지도 카테고리|공간 분류|검색 노출,problem solving,서점|갤러리|로컬 공간,공간 카드의 사용 상황을 기준으로 분류를 보완,light,공간 브랜딩/분위기|신규 손님 유입|사진/콘텐츠 소재
B2B046,P1,네이버 플레이스/지도,임시 휴무와 조기 마감이 잦은 공간의 안내 운영법,임시 휴무 안내,플레이스 공지|영업 정보|고객 신뢰,how-to,팝업|공방|전시공간,저장한 고객이 헛걸음하지 않게 최신성 강조,light,리뷰/저장/방문 전환|재방문/단골/커뮤니티|신규 손님 유입
B2B047,P1,네이버 플레이스/지도,지도 사진이 오래되어 현재 분위기와 다를 때 생기는 문제,플레이스 사진 업데이트,매장 사진 관리|지도 최적화|공간 분위기,problem solving,카페|샵|갤러리,현재 저장할 만한 장면으로 공간 인식을 갱신,light,사진/콘텐츠 소재|공간 브랜딩/분위기|신규 손님 유입
B2B048,P1,네이버 플레이스/지도,찾아오는 길 설명이 길어질수록 방문이 줄어드는 이유,찾아오는 길 안내,지도 길찾기|방문 전 불안|매장 안내,informational,식당|스튜디오|공방,공간 카드에서 핵심 동선을 짧게 보완하는 관점,light,리뷰/저장/방문 전환|신규 손님 유입|사진/콘텐츠 소재
B2B049,P1,네이버 플레이스/지도,예약 링크와 문의 채널이 흩어진 공간이 정리할 우선순위,매장 예약 링크,플레이스 예약|문의 동선|방문 전환,how-to,스튜디오|식당|전시공간,저장 이후 행동이 끊기지 않게 정보 동선을 정리,light,리뷰/저장/방문 전환|신규 손님 유입|Doripe 리포트/케이스
B2B050,P1,네이버 플레이스/지도,신규 매장이 플레이스 등록 후 한 달 안에 해야 할 일,네이버 플레이스 등록,신규 매장 지도|로컬 검색 등록|매장 정보,how-to,카페|샵|공방,초기 저장과 검색 신뢰를 만드는 기본 정보 구축,light,신규 손님 유입|사진/콘텐츠 소재|리뷰/저장/방문 전환
B2B051,P1,네이버 플레이스/지도,주차 정보가 애매한 공간이 방문 포기를 줄이는 법,매장 주차 안내,플레이스 주차 정보|방문 장벽|지도 정보,problem solving,식당|갤러리|전시공간,저장 후 실제 방문에서 생기는 불확실성 낮추기,light,리뷰/저장/방문 전환|신규 손님 유입|네이버 플레이스/지도
B2B052,P1,네이버 플레이스/지도,반려동물 동반 여부처럼 민감한 정보를 명확히 쓰는 법,매장 이용 안내,반려동물 동반 매장|플레이스 정보|고객 문의,how-to,카페|샵|로컬 공간,저장 전 확인하는 조건 정보를 명확히 분리,light,리뷰/저장/방문 전환|재방문/단골/커뮤니티|신규 손님 유입
B2B053,P1,사진/콘텐츠 소재,어두운 매장이 사진에서 답답해 보일 때 살릴 수 있는 장면,어두운 매장 사진,공간 촬영 팁|분위기 사진|콘텐츠 소재,how-to,바|갤러리|식당,어둠을 단점보다 분위기 저장 포인트로 전환,light,인스타/숏폼 운영|공간 브랜딩/분위기|리뷰/저장/방문 전환
B2B054,P1,사진/콘텐츠 소재,작은 공간이 넓어 보이게 찍으려다 잃는 매력,작은 매장 사진,공간 사진 팁|로컬 공간 촬영|브랜딩 사진,informational,카페|공방|서점,규모보다 머물고 싶은 장면을 저장 가치로 강조,light,공간 브랜딩/분위기|인스타/숏폼 운영|신규 손님 유입
B2B055,P1,사진/콘텐츠 소재,신제품 사진이 매번 비슷해질 때 바꿀 배경과 맥락,상품 사진 콘텐츠,신제품 촬영|매장 콘텐츠|SNS 소재,how-to,샵|카페|공방,상품보다 공간 안에서 쓰이는 순간을 남기기,light,인스타/숏폼 운영|신규 손님 유입|공간 브랜딩/분위기
B2B056,P1,사진/콘텐츠 소재,손님 없는 시간대에도 공간이 살아 보이게 찍는 방법,매장 빈공간 사진,공간 촬영|콘텐츠 제작|운영자 사진,how-to,식당|스튜디오|갤러리,비어 있는 공간도 저장 가능한 사용 장면으로 구성,light,인스타/숏폼 운영|공간 브랜딩/분위기|신규 손님 유입
B2B057,P1,사진/콘텐츠 소재,계절 장식이 과해 보이지 않게 콘텐츠에 담는 법,계절 매장 사진,시즌 콘텐츠|공간 연출|SNS 사진,how-to,카페|샵|전시공간,계절감이 공간 정체성을 덮지 않게 저장 포인트 조절,light,공간 브랜딩/분위기|인스타/숏폼 운영|재방문/단골/커뮤니티
B2B058,P1,사진/콘텐츠 소재,메뉴판과 가격표를 콘텐츠로 올릴 때 촌스러워 보이지 않는 기준,메뉴판 사진,가격표 안내|매장 정보 콘텐츠|SNS 운영,how-to,식당|바|카페,실용 정보를 저장 가치와 함께 보여주는 방식,light,네이버 플레이스/지도|리뷰/저장/방문 전환|인스타/숏폼 운영
B2B059,P1,사진/콘텐츠 소재,공방 수업 사진이 매번 결과물만 보일 때 담아야 할 과정,공방 콘텐츠,수업 사진|체험 공간 홍보|과정 콘텐츠,how-to,공방|스튜디오|팝업,완성품보다 참여 장면이 저장과 예약의 단서가 됨,light,인스타/숏폼 운영|리뷰/저장/방문 전환|재방문/단골/커뮤니티
B2B060,P1,사진/콘텐츠 소재,전시공간이 작품 사진만 올릴 때 놓치는 방문 정보,전시공간 콘텐츠,갤러리 홍보|전시 사진|방문 정보,problem solving,갤러리|전시공간|서점,작품과 함께 방문 경험을 저장할 수 있게 구성,light,인스타/숏폼 운영|공간 브랜딩/분위기|네이버 플레이스/지도
B2B013,P2,인스타/숏폼 운영,숏폼을 찍을 시간이 부족한 운영자를 위한 반복 포맷,매장 숏폼 아이디어,릴스 소재|짧은 영상 만들기|콘텐츠 루틴,how-to,식당|카페|스튜디오,공간 카드에 남길 수 있는 핵심 장면을 영상으로 확장,light,사진/콘텐츠 소재|재방문/단골/커뮤니티|신규 손님 유입
B2B015,P2,인스타/숏폼 운영,메뉴 소개가 지루해 보일 때 방문 욕구를 만드는 글쓰기,매장 인스타 글쓰기,메뉴 소개 문구|방문 유도 문구|SNS 캡션,how-to,식당|카페|바,공간을 저장할 이유가 드러나는 짧은 문장 구조,light,사진/콘텐츠 소재|리뷰/저장/방문 전환|신규 손님 유입
B2B018,P2,네이버 플레이스/지도,영업시간과 휴무 정보 오류가 방문 손실로 이어지는 과정,플레이스 영업시간,매장 정보 관리|지도 정보 오류|방문 손실,informational,서점|식당|전시공간,저장한 공간을 실제 방문할 때 필요한 신뢰 정보,light,리뷰/저장/방문 전환|재방문/단골/커뮤니티|신규 손님 유입
B2B019,P2,네이버 플레이스/지도,사진 순서만 바꿔도 달라지는 지도 검색 첫인상,네이버 플레이스 사진,지도 사진 관리|매장 대표 사진|검색 첫인상,how-to,카페|갤러리|공방,대표 장면과 저장 가치가 먼저 보이게 배열,light,사진/콘텐츠 소재|공간 브랜딩/분위기|신규 손님 유입
B2B020,P2,사진/콘텐츠 소재,사진은 많은데 홍보에 쓸 만한 장면이 없을 때 고르는 기준,매장 사진 소재,공간 사진 촬영|콘텐츠 고르기|홍보 사진,problem solving,식당|카페|스튜디오,공간 카드에 남길 장면을 기준으로 사진 선별,light,인스타/숏폼 운영|공간 브랜딩/분위기|리뷰/저장/방문 전환
B2B061,P2,사진/콘텐츠 소재,서점이 책 표지만 올릴 때 공간성이 사라지는 문제,서점 인스타 콘텐츠,책방 홍보|로컬 서점|공간 사진,problem solving,서점|카페|로컬 공간,책과 머무는 장면을 함께 남겨 저장 이유 강화,light,인스타/숏폼 운영|공간 브랜딩/분위기|재방문/단골/커뮤니티
B2B062,P2,사진/콘텐츠 소재,바의 분위기를 과장하지 않고 매력적으로 보여주는 촬영 기준,바 사진 촬영,바 홍보 콘텐츠|분위기 사진|로컬 바,how-to,바|식당|스튜디오,조명과 좌석감을 저장 가능한 방문 단서로 정리,light,인스타/숏폼 운영|공간 브랜딩/분위기|신규 손님 유입
B2B063,P2,사진/콘텐츠 소재,샵이 제품보다 공간 취향을 보여줘야 할 때,샵 콘텐츠,편집샵 홍보|공간 취향|상품 진열 사진,informational,샵|갤러리|팝업,취향 큐레이션을 공간 카드의 핵심 가치로 표현,light,공간 브랜딩/분위기|인스타/숏폼 운영|신규 손님 유입
B2B064,P2,사진/콘텐츠 소재,촬영 장비가 없어도 공간 콘텐츠 품질을 높이는 체크리스트,공간 콘텐츠 체크리스트,매장 사진 팁|스마트폰 촬영|콘텐츠 품질,how-to,식당|카페|공방,저장에 필요한 장면 선명도와 정보성을 우선 점검,light,인스타/숏폼 운영|네이버 플레이스/지도|공간 브랜딩/분위기
B2B065,P2,재방문/단골/커뮤니티,이벤트 현장을 다음 방문 자산으로 남기는 기록법,이벤트 후 재방문,이벤트 사진 기록|팝업 콘텐츠|재방문 콘텐츠,how-to,팝업|전시공간|서점,일회성 현장을 저장과 다음 방문의 증거로 축적,light,인스타/숏폼 운영|사진/콘텐츠 소재|Doripe 리포트/케이스
B2B066,P2,사진/콘텐츠 소재,스튜디오 포트폴리오가 전문가에게만 보일 때 고객용으로 바꾸는 법,스튜디오 포트폴리오,촬영 스튜디오 홍보|고객 사례|공간 콘텐츠,how-to,스튜디오|샵|로컬 공간,전문 결과물보다 고객이 저장할 이용 상황을 강조,light,리뷰/저장/방문 전환|공간 브랜딩/분위기|신규 손님 유입
B2B067,P2,사진/콘텐츠 소재,로컬 공간이 매달 촬영해야 할 기본 사진 목록,매장 사진 목록,콘텐츠 촬영 리스트|공간 사진|SNS 운영,how-to,식당|카페|로컬 공간,공간 카드 업데이트에 필요한 기본 장면을 체계화,light,네이버 플레이스/지도|인스타/숏폼 운영|공간 브랜딩/분위기
B2B069,P2,리뷰/저장/방문 전환,리뷰 요청이 부담스러운 운영자가 자연스럽게 후기를 모으는 법,리뷰 요청 방법,매장 후기 모으기|고객 리뷰|로컬 리뷰,how-to,식당|샵|공방,방문 경험의 저장 포인트를 리뷰 질문으로 연결,light,재방문/단골/커뮤니티|네이버 플레이스/지도|인스타/숏폼 운영
B2B070,P2,리뷰/저장/방문 전환,방문 전 질문이 반복될 때 콘텐츠로 줄일 수 있는 문의,방문 전 문의 줄이기,매장 FAQ|고객 안내|방문 정보,how-to,스튜디오|전시공간|바,자주 묻는 정보를 저장 가능한 카드형 안내로 정리,light,네이버 플레이스/지도|사진/콘텐츠 소재|신규 손님 유입
B2B071,P2,리뷰/저장/방문 전환,좋은 후기가 있는데 홍보에 못 쓰는 공간의 정리법,후기 콘텐츠 활용,리뷰 마케팅|고객 후기|매장 콘텐츠,how-to,카페|서점|샵,후기 속 저장 이유를 짧은 공간 소개로 재구성,light,인스타/숏폼 운영|사진/콘텐츠 소재|공간 브랜딩/분위기
B2B072,P2,리뷰/저장/방문 전환,저장하고 잊힌 공간이 다시 떠오르게 만드는 리마인드 소재,저장 고객 리마인드,재방문 콘텐츠|방문 전환|로컬 마케팅,how-to,식당|바|팝업,저장한 이유를 다시 불러오는 계절과 상황 콘텐츠,light,인스타/숏폼 운영|재방문/단골/커뮤니티|사진/콘텐츠 소재
B2B073,P2,리뷰/저장/방문 전환,예약 전 이탈이 생기는 공간이 점검할 설명 요소,예약 이탈 줄이기,예약 전환|공간 예약|고객 안내,problem solving,스튜디오|공방|식당,저장 이후 예약까지 필요한 신뢰 정보를 보강,medium,네이버 플레이스/지도|신규 손님 유입|Doripe 리포트/케이스
B2B074,P2,리뷰/저장/방문 전환,처음 방문한 손님이 사진만 찍고 다시 오지 않을 때,첫 방문 재방문,사진 명소 매장|방문 경험|재방문 전략,problem solving,카페|갤러리|전시공간,사진 저장을 다음 방문 동기로 바꾸는 경험 설계,light,재방문/단골/커뮤니티|공간 브랜딩/분위기|사진/콘텐츠 소재
B2B075,P2,리뷰/저장/방문 전환,고객이 저장할 만한 정보와 바로 예약할 정보의 차이,저장 콘텐츠 예약 콘텐츠,방문 전환 콘텐츠|매장 정보|예약 유도,informational,식당|스튜디오|로컬 공간,공간 카드의 정보 깊이를 방문 단계별로 나누기,light,네이버 플레이스/지도|사진/콘텐츠 소재|신규 손님 유입
B2B076,P2,리뷰/저장/방문 전환,단골 리뷰만 쌓여 신규 고객이 거리감을 느낄 때,리뷰 신뢰도,신규 고객 리뷰|매장 후기|고객 관점,problem solving,바|서점|샵,다양한 방문 상황이 보이게 리뷰와 소개를 보완,light,신규 손님 유입|공간 브랜딩/분위기|재방문/단골/커뮤니티
B2B077,P2,리뷰/저장/방문 전환,방문 후 팔로우만 받고 관계가 끊기는 공간의 다음 행동,방문 후 고객 관리,팔로워 전환|재방문 유도|커뮤니티,problem solving,공방|카페|팝업,팔로우를 저장과 재방문 루틴으로 연결하는 관점,light,재방문/단골/커뮤니티|인스타/숏폼 운영|사진/콘텐츠 소재
B2B079,P2,공간 브랜딩/분위기,인테리어는 예쁜데 브랜드 기억이 남지 않는 공간의 문제,공간 브랜딩,매장 인테리어 마케팅|브랜드 기억|공간 차별화,problem solving,샵|카페|스튜디오,예쁨보다 저장되는 고유 장면을 정의,light,사진/콘텐츠 소재|리뷰/저장/방문 전환|신규 손님 유입
B2B080,P2,공간 브랜딩/분위기,메뉴와 공간 톤이 따로 노는 매장이 맞춰야 할 기준,매장 톤앤매너,공간 콘셉트|메뉴 브랜딩|로컬 공간,problem solving,식당|바|카페,경험 전체가 하나의 저장 이유로 보이게 정렬,light,사진/콘텐츠 소재|인스타/숏폼 운영|리뷰/저장/방문 전환
B2B081,P2,공간 브랜딩/분위기,조용한 공간을 홍보할 때 과장 없이 매력을 전달하는 법,조용한 공간 홍보,분위기 마케팅|공간 소개|로컬 브랜딩,how-to,서점|갤러리|공방,과장된 표현 대신 방문 상황 중심으로 저장 가치 제안,light,신규 손님 유입|사진/콘텐츠 소재|네이버 플레이스/지도
B2B082,P2,공간 브랜딩/분위기,힙하다는 말만으로는 부족한 로컬 공간의 차별화 문장,로컬 공간 차별화,힙한 매장 홍보|브랜드 메시지|공간 소개,informational,바|샵|팝업,모호한 수식어를 실제 저장 이유로 바꾸는 방식,light,인스타/숏폼 운영|신규 손님 유입|사진/콘텐츠 소재
B2B083,P2,공간 브랜딩/분위기,오래된 공간이 낡아 보이지 않고 깊이 있어 보이게 만드는 콘텐츠,오래된 가게 브랜딩,로컬 스토리텔링|공간 역사|콘텐츠 마케팅,how-to,식당|서점|로컬 공간,시간의 축적을 저장 가치와 신뢰 단서로 표현,light,재방문/단골/커뮤니티|사진/콘텐츠 소재|신규 손님 유입
B2B084,P2,공간 브랜딩/분위기,작가와 브랜드가 함께 쓰는 공간의 정체성을 흐리지 않는 법,복합 공간 브랜딩,공간 큐레이션|갤러리 운영|팝업 공간,how-to,갤러리|팝업|전시공간,여러 주체의 정보를 하나의 저장 경험으로 정리,light,사진/콘텐츠 소재|인스타/숏폼 운영|네이버 플레이스/지도
B2B085,P2,공간 브랜딩/분위기,친절함이 강점인 공간이 온라인에서 그 느낌을 전하는 법,친절한 매장 홍보,고객 경험 브랜딩|서비스 콘텐츠|리뷰 활용,how-to,식당|공방|샵,리뷰와 안내 문구로 사람의 온도를 저장 가능하게 표현,light,리뷰/저장/방문 전환|재방문/단골/커뮤니티|사진/콘텐츠 소재
B2B086,P2,공간 브랜딩/분위기,공간 콘셉트를 바꾸기 전 기존 고객이 혼란스럽지 않게 알리는 법,공간 리브랜딩,매장 콘셉트 변경|브랜드 전환|고객 커뮤니케이션,how-to,카페|바|스튜디오,기존 저장 이유와 새 방문 이유를 이어서 설명,light,재방문/단골/커뮤니티|인스타/숏폼 운영|네이버 플레이스/지도
B2B087,P2,공간 브랜딩/분위기,로컬 공간이 자기소개를 길게 쓰지 않아도 기억되는 구조,공간 소개 문구,매장 자기소개|브랜드 소개|로컬 마케팅,how-to,전시공간|서점|카페,공간 카드처럼 핵심 상황과 분위기를 짧게 구조화,light,신규 손님 유입|네이버 플레이스/지도|사진/콘텐츠 소재
B2B089,P2,재방문/단골/커뮤니티,단골에게만 통하는 공지가 신규 손님을 막을 때,단골 공지,매장 커뮤니티|신규 고객 배려|SNS 운영,problem solving,바|공방|샵,커뮤니티 언어를 처음 보는 사람도 저장 가능하게 풀기,light,신규 손님 유입|인스타/숏폼 운영|공간 브랜딩/분위기
B2B090,P2,재방문/단골/커뮤니티,멤버십 없이도 재방문을 늘리는 작은 약속 만들기,멤버십 없이 재방문,단골 전략|고객 관계|로컬 매장 운영,how-to,카페|식당|스튜디오,저장한 고객이 기대할 반복 경험을 명확히 남기기,light,리뷰/저장/방문 전환|사진/콘텐츠 소재|공간 브랜딩/분위기
B2B091,P2,재방문/단골/커뮤니티,클래스와 모임을 열어도 커뮤니티가 쌓이지 않을 때,공간 커뮤니티 운영,클래스 운영|로컬 모임|재방문 프로그램,problem solving,공방|서점|갤러리,일회성 참여를 저장과 다음 모임 발견으로 연결,light,인스타/숏폼 운영|리뷰/저장/방문 전환|사진/콘텐츠 소재
B2B092,P2,재방문/단골/커뮤니티,단골 이벤트가 할인 행사처럼 보일 때 바꿀 메시지,단골 이벤트,재방문 이벤트|고객 감사|매장 운영,problem solving,식당|바|샵,혜택보다 관계와 경험이 저장되게 메시지 재구성,light,공간 브랜딩/분위기|인스타/숏폼 운영|리뷰/저장/방문 전환
B2B093,P2,재방문/단골/커뮤니티,로컬 손님과 멀리서 오는 손님의 재방문 이유가 다를 때,재방문 이유,고객 세분화|로컬 고객|방문 동기,informational,전시공간|카페|팝업,방문 거리별 저장 동기를 나눠 콘텐츠에 반영,light,신규 손님 유입|사진/콘텐츠 소재|Doripe 리포트/케이스
B2B094,P2,재방문/단골/커뮤니티,조용한 단골을 온라인 커뮤니티로 끌어내지 않고 관계를 유지하는 법,조용한 단골 관리,고객 관계|재방문 소통|로컬 커뮤니티,how-to,서점|공방|로컬 공간,노출보다 저장과 사적인 재방문 루틴을 존중,light,리뷰/저장/방문 전환|공간 브랜딩/분위기|인스타/숏폼 운영
B2B095,P2,재방문/단골/커뮤니티,시즌마다 다시 찾는 공간이 되려면 기록해야 할 것,시즌 재방문,계절 단골|매장 기록|고객 경험,how-to,카페|갤러리|식당,계절별 저장 기억을 누적해 재방문 이유로 만들기,light,사진/콘텐츠 소재|인스타/숏폼 운영|리뷰/저장/방문 전환
B2B097,P2,Doripe 리포트/케이스,로컬 공간 카드에서 사람들이 먼저 확인하는 정보,Doripe 공간 카드,공간 정보|방문 전 확인|로컬 마케팅,informational,샵|서점|공방,Doripe 공간 카드 구조를 사례로 정보 우선순위를 제안,medium,네이버 플레이스/지도|사진/콘텐츠 소재|리뷰/저장/방문 전환
B2B098,P2,Doripe 리포트/케이스,카페가 아니어도 저장되는 공간의 공통점,Doripe 로컬 공간,저장되는 공간|공간 발견|로컬 브랜딩,informational,바|갤러리|전시공간,Doripe에서 다양한 업종이 저장되는 이유를 가볍게 분석,medium,공간 브랜딩/분위기|사진/콘텐츠 소재|신규 손님 유입
B2B099,P2,Doripe 리포트/케이스,방문 전 망설임을 줄이는 공간 정보의 최소 조건,Doripe 방문 전환,공간 정보 설계|저장 후 방문|로컬 SEO,informational,식당|스튜디오|팝업,Doripe 저장 이후 방문까지 필요한 정보 조건을 정리,medium,리뷰/저장/방문 전환|네이버 플레이스/지도|신규 손님 유입
